{
  "china": [
    {
      "title": "안녕하세요",
      "content": "hi22",
      "comments": [
        "안녕하세요",
        "안녕하세요2",
        "안녕하세요33"
      ],
      "likes": 17,
      "createdAt": "2024-11-12T08:53:07.395Z",
      "scraped": false,
      "author": "UserA"
    },
    {
      "title": "안녕하세요",
      "content": "hi",
      "comments": [],
      "likes": 0,
      "createdAt": "2024-11-12T09:13:23.012Z",
      "scraped": false,
      "author": "UserB"
    },
    {
      "content": "안녕하세요 처음 뵙겠습니다\n다름이 아니라",
      "comments": [],
      "likes": 0,
      "createdAt": "2024-11-20T01:35:26.968Z",
      "scraped": false
    },
    {
      "title": "ㅓ",
      "content": "ㅓ",
      "comments": [],
      "likes": 0,
      "createdAt": "2024-11-20T02:01:58.696Z",
      "scraped": false,
      "author": "someone"
    },
    {
      "title": "ㅎㅇ",
      "content": "ㅎㅇㅎㅇ",
      "comments": [],
      "likes": 0,
      "createdAt": "2024-11-20T02:04:38.935Z",
      "scraped": false,
      "author": "someone"
    },
    {
      "title": "ㄴ",
      "content": "ㅁㄴㅇ",
      "comments": [],
      "likes": 0,
      "createdAt": "2024-11-20T13:43:42.700Z",
      "scraped": false,
      "author": "someone"
    },
    {
      "title": "ㅎㅇ",
      "content": "ㅎㅇ",
      "comments": [],
      "likes": 0,
      "createdAt": "2024-11-20T13:50:11.169Z",
      "scraped": false,
      "author": "someone"
    }
  ],
  "korea": [
    {
      "title": "한국 게시글 1",
      "content": "이것은 한국 게시판의 첫 번째 게시글입니다.ㅎㅎ",
      "comments": [
        "첫 번째 댓글입니다.",
        "",
        "",
        ""
      ],
      "likes": 16,
      "createdAt": "2024-11-10T15:30:00Z",
      "scraped": true,
      "author": "KoreaFan"
    },
    {
      "title": "한국 게시글 2",
      "content": "이것은 한국 게시판의 두 번째 게시글입니다.",
      "comments": [],
      "likes": 3,
      "createdAt": "2024-11-11T09:00:00Z",
      "scraped": false,
      "author": "UserC"
    }
  ],
  "japan": [
    {
      "title": "일본 게시글 1",
      "content": "이것은 일본 게시판의 첫 번째 게시글입니다.",
      "comments": [
        "안녕하세요",
        "반갑습니다"
      ],
      "likes": 2,
      "createdAt": "2024-11-09T17:30:00Z",
      "scraped": false,
      "author": "JapanLover"
    },
    {
      "title": "일본 게시글 2",
      "content": "이것은 일본 게시판의 두 번째 게시글입니다.",
      "comments": [
        "첫 번째 댓글입니다.",
        "두 번째 댓글입니다.",
        "세 번째 댓글입니다."
      ],
      "likes": 8,
      "createdAt": "2024-11-08T12:15:00Z",
      "scraped": false,
      "author": "AnimeFan"
    },
    {
      "title": "일본의 대표",
      "content": "음식은 초밥",
      "comments": [],
      "likes": 4,
      "createdAt": "2024-11-07T14:20:00Z",
      "scraped": false,
      "author": "Foodie123"
    },
    {
      "title": "하이",
      "content": "123",
      "comments": [],
      "likes": 13,
      "createdAt": "2024-11-12T07:43:04.690Z",
      "scraped": true,
      "author": "QuickWriter"
    }
  ],
  "taiwan": [
    {
      "title": "타이완 게시글 1",
      "content": "타이완의 첫 번째 게시글입니다.",
      "comments": [
        "타이완 관련 댓글 1"
      ],
      "likes": 5,
      "createdAt": "2024-11-12T09:30:00Z",
      "scraped": false,
      "author": "TaiwanFan"
    },
    {
      "title": "타이완 게시글 2",
      "content": "타이완의 두 번째 게시글입니다. 재미있어요.",
      "comments": [
        "댓글 1",
        "댓글 2"
      ],
      "likes": 2,
      "createdAt": "2024-11-12T10:00:00Z",
      "scraped": true,
      "author": "FunWriter"
    }
  ],
  "hongkong": [
    {
      "title": "홍콩 게시글 1",
      "content": "홍콩에 대한 첫 번째 게시글입니다.",
      "comments": [],
      "likes": 3,
      "createdAt": "2024-11-12T10:10:00Z",
      "scraped": false,
      "author": "HKLover"
    }
  ],
  "philippines": [
    {
      "title": "필리핀 게시글 1",
      "content": "필리핀에 관한 첫 번째 게시글입니다.",
      "comments": [
        "댓글 1"
      ],
      "likes": 7,
      "createdAt": "2024-11-12T10:15:00Z",
      "scraped": true,
      "author": "TropicalFan"
    }
  ],
  "indonesia": [
    {
      "title": "인도네시아 게시글 1",
      "content": "인도네시아의 첫 번째 게시글입니다.",
      "comments": [
        "댓글 1",
        "댓글 2"
      ],
      "likes": 4,
      "createdAt": "2024-11-12T10:30:00Z",
      "scraped": false,
      "author": "IndoExplorer"
    }
  ],
  "thailand": [
    {
      "title": "태국 게시글 1",
      "content": "태국에 대한 첫 번째 게시글입니다.",
      "comments": [],
      "likes": 9,
      "createdAt": "2024-11-12T10:35:00Z",
      "scraped": true,
      "author": "ThaiAdventurer"
    }
  ],
  "vietnam": [
    {
      "title": "베트남 게시글 1",
      "content": "베트남에 대한 첫 번째 게시글입니다.",
      "comments": [
        "댓글 1"
      ],
      "likes": 6,
      "createdAt": "2024-11-12T10:45:00Z",
      "scraped": false,
      "author": "VietTraveler"
    }
  ],
  "singapore": [
    {
      "title": "싱가포르 게시글 1",
      "content": "싱가포르의 첫 번째 게시글입니다.",
      "comments": [
        "댓글 1"
      ],
      "likes": 11,
      "createdAt": "2024-11-12T10:50:00Z",
      "scraped": true,
      "author": "SGWriter"
    }
  ],
  "malaysia": [
    {
      "title": "말레이시아 게시글 1",
      "content": "말레이시아에 관한 첫 번째 게시글입니다.",
      "comments": [
        "댓글 1",
        "댓글 2"
      ],
      "likes": 5,
      "createdAt": "2024-11-12T11:00:00Z",
      "scraped": false,
      "author": "MYSExplorer"
    }
  ],
  "united states": [
    {
      "title": "미국 게시글 1",
      "content": "미국에 관한 첫 번째 게시글입니다.",
      "comments": [
        "댓글 1"
      ],
      "likes": 12,
      "createdAt": "2024-11-12T11:10:00Z",
      "scraped": true,
      "author": "USAFan"
    }
  ],
  "canada": [
    {
      "title": "캐나다 게시글 1",
      "content": "캐나다에 대한 첫 번째 게시글입니다.",
      "comments": [],
      "likes": 8,
      "createdAt": "2024-11-12T11:15:00Z",
      "scraped": false,
      "author": "CanadaExplorer"
    }
  ],
  "australia": [
    {
      "title": "호주 게시글 1",
      "content": "호주에 관한 첫 번째 게시글입니다.",
      "comments": [
        "댓글 1"
      ],
      "likes": 6,
      "createdAt": "2024-11-12T11:20:00Z",
      "scraped": true,
      "author": "AussieFan"
    }
  ],
  "united kingdom": [
    {
      "title": "영국 게시글 1",
      "content": "영국에 대한 첫 번째 게시글입니다.",
      "comments": [
        "댓글 1",
        "댓글 2"
      ],
      "likes": 10,
      "createdAt": "2024-11-12T11:30:00Z",
      "scraped": false,
      "author": "UKWriter"
    }
  ],
  "germany": [
    {
      "title": "독일 게시글 1",
      "content": "독일에 대한 첫 번째 게시글입니다.",
      "comments": [
        "댓글 1"
      ],
      "likes": 4,
      "createdAt": "2024-11-12T11:40:00Z",
      "scraped": true,
      "author": "GermanFan"
    }
  ],
  "france": [
    {
      "title": "프랑스 게시글 1",
      "content": "프랑스에 관한 첫 번째 게시글입니다.",
      "comments": [
        "댓글 1"
      ],
      "likes": 5,
      "createdAt": "2024-11-12T11:50:00Z",
      "scraped": false,
      "author": "FranceExplorer"
    }
  ],
  "italy": [
    {
      "title": "이탈리아 게시글 1",
      "content": "이탈리아에 대한 첫 번째 게시글입니다.",
      "comments": [],
      "likes": 7,
      "createdAt": "2024-11-12T12:00:00Z",
      "scraped": true,
      "author": "ItalyFan"
    }
  ],
  "spain": [
    {
      "title": "스페인 게시글 1",
      "content": "스페인에 대한 첫 번째 게시글입니다.",
      "comments": [
        "댓글 1"
      ],
      "likes": 5,
      "createdAt": "2024-11-12T12:10:00Z",
      "scraped": false,
      "author": "SpainLover"
    }
  ],
  "netherlands": [
    {
      "title": "네덜란드 게시글 1",
      "content": "네덜란드에 관한 첫 번째 게시글입니다.",
      "comments": [
        "댓글 1",
        "댓글 2"
      ],
      "likes": 9,
      "createdAt": "2024-11-12T12:20:00Z",
      "scraped": true,
      "author": "DutchExplorer"
    }
  ]
}